Date,Ticker,Trade Type,Shares Bought,Shares Sold,Price,RSI Value,Volume,Profit
2013-12-31,KR,0,506.0,0,19.752500534057617,33.91083810755431,4992000,0
2013-12-31,RSG,0,301.0,0,33.244998931884766,37.19498720717186,1121400,0
2013-12-31,KMX,0,213.0,0,46.96000099182129,35.463013105012536,1165000,0
2014-01-02,DGX,0,188.0,0,53.125,28.464134264156357,2856300,0
2014-01-02,KIM,0,507.0,0,19.735000610351562,32.49832206736744,2627300,0
2014-01-03,JNJ,0,109.0,0,91.7400016784668,44.86192873395838,5637600,0
2014-01-03,PG,0,124.0,0,80.52000045776367,38.20777715092838,6925600,0
2014-01-03,COST,0,85.0,0,117.74499893188477,36.035153562839895,1293500,0
2014-01-03,CME,0,127.0,0,78.68000030517578,46.829387617624334,1343300,0
2014-01-10,KIM,1,0,507.0,20.3799991607666,56.54903598207053,3485200,327.0142650604248
2014-01-10,MRO,0,291.0,0,34.47500038146973,42.74656070947603,5967000,0
2014-01-15,F,1,0,652.0,16.539999961853027,65.29449419880541,64118200,779.1398010253906
2014-01-15,DLTR,0,182.0,0,55.114999771118164,36.992103805947266,2145500,0
2014-02-18,RSG,9,0,301.0,33.88999938964844,61.500021127399656,3213700,194.14513778686523
2014-02-18,A,0,276.0,0,39.69957160949707,38.08555032300898,9161513,0
2014-02-19,KR,1,0,506.0,19.074999809265137,63.12841200280916,11245200,-342.8153667449951
2014-02-19,KSU,0,108.0,0,92.19499969482422,23.40402446008997,2314800,0
2014-02-27,DLTR,1,0,182.0,55.125,63.93191719246178,4322500,1.8200416564941406
2014-02-27,WST,0,218.0,0,45.869998931884766,37.49901166342676,213900,0
2014-03-19,DGX,1,0,188.0,55.70000076293945,69.90285723758815,2554300,484.1001434326172
2014-03-19,EXPD,0,262.0,0,38.69499969482422,34.03154556021079,2102700,0
2014-03-26,JNJ,9,0,109.0,97.76000213623047,68.68864211895851,11215100,656.1800498962402
2014-03-26,GOOG,0,18.0,0,573.617431640625,32.89017156663493,5179341,0
2014-03-28,CME,9,0,127.0,74.22000122070312,40.139501146827286,931000,-566.4198837280273
2014-03-28,FB,0,165.0,0,60.64500045776367,34.02664942082663,67052000,0
2014-04-03,COST,9,0,85.0,111.71500015258789,39.43909892498626,2328900,-512.5498962402344
2014-04-08,KMX,9,0,213.0,44.045000076293945,37.85307112761463,1736600,-620.8951950073242
2014-04-08,AMZN,0,34.0,0,323.2200012207031,34.01374300456108,6577600,0
2014-04-21,MRO,9,0,291.0,36.65500068664551,67.42558947433866,5731900,634.3800888061523
2014-04-21,JPM,0,202.0,0,55.20000076293945,31.604144120515627,12384800,0
2014-05-06,WST,9,0,218.0,43.375,46.244782596488704,266700,-543.9097671508789
2014-05-06,UNH,0,146.0,0,75.24499893188477,38.156224744054555,4728200,0
2014-05-09,EXPD,1,0,262.0,43.15999984741211,75.50121213742236,1468000,1169.8300399780273
2014-05-09,BAC,0,751.0,0,14.829999923706055,32.68463261675302,86751600,0
2014-06-05,GOOG,9,0,18.0,548.1949157714844,56.78969412775733,1689125,-457.60528564453125
2014-06-05,BMY,0,241.0,0,46.994998931884766,33.51482784310143,16331100,0
2014-06-09,A,9,0,276.0,42.30329132080078,72.89281214092826,1661942,718.6266403198242
2014-06-09,EBAY,0,567.0,0,20.671297073364258,33.706041443452236,52664278,0
2014-06-11,JPM,9,0,202.0,57.385000228881836,63.25995079744139,14232200,441.3698921203613
2014-06-11,MPC,0,275.0,0,42.727500915527344,34.27639506425896,4279000,0
2014-06-30,PG,0,0,124.0,78.94499969482422,36.06919706421817,10297700,-195.3000946044922
2014-06-30,NVDA,0,2514.0,0,4.612499952316284,43.396186414124614,18051200,0
2014-07-07,UNH,9,0,146.0,82.44499969482422,60.67287999844022,2558500,1051.2001113891602
2014-07-07,LMT,0,75.0,0,158.7100067138672,35.025695676762695,1164700,0
2014-07-15,KSU,9,0,108.0,112.86000061035156,71.54677399629594,802000,2231.820098876953
2014-07-15,ACN,0,152.0,0,79.47999954223633,34.023347098701706,3195000,0
2014-07-25,FB,9,0,165.0,75.16500091552734,74.45933305118147,45917000,2395.800075531006
2014-07-25,QCOM,0,162.0,0,76.20000076293945,34.835404078642966,13574800,0
2014-07-25,LMT,9,0,75.0,169.94000244140625,71.44184960673618,2112300,842.2496795654297
2014-07-25,MCD,0,116.0,0,95.58499908447266,26.65998168154138,4992500,0
2014-07-30,BMY,9,0,241.0,50.989999771118164,71.59530579367461,9151700,962.795202255249
2014-07-30,AXP,0,134.0,0,91.18000030517578,30.05540934262345,5069300,0
2014-08-15,MPC,9,0,275.0,44.357500076293945,71.05115622622577,6883400,448.24976921081543
2014-08-15,CSCO,0,503.0,0,24.46500015258789,34.87574005221363,33624000,0
2014-08-22,EBAY,9,0,567.0,23.400673866271973,68.16355117525592,27889963,1547.5566415786743
2014-08-22,WBA,0,207.0,0,61.220001220703125,32.667723678845505,6176100,0
2014-08-26,BAC,9,0,751.0,16.389999389648438,71.53489637098991,73323400,1171.5595989227295
2014-08-26,MSI,0,208.0,0,60.70000076293945,29.607897896859143,2413500,0
2014-10-01,AMZN,9,0,34.0,318.86000061035156,38.71222001513775,3089100,-148.24002075195312
2014-10-01,GL,0,237.0,0,52.03999900817871,33.318215178256025,1069100,0
2014-10-08,AXP,9,0,134.0,86.23500061035156,48.05205167508448,4238200,-662.6299591064453
2014-10-08,GD,0,101.0,0,121.43000030517578,45.827128623510696,1767100,0
2014-10-13,NVDA,0,0,2514.0,4.258749961853027,23.620510168613166,39762800,-889.3274760246277
2014-10-13,MSFT,0,274.0,0,44.025001525878906,34.93641742808674,37100200,0
2014-10-14,QCOM,9,0,162.0,72.01499938964844,38.58197475210389,10488400,-677.9702224731445
2014-10-14,AMZN,0,39.0,0,308.9949951171875,36.310150127008285,3385800,0
2014-10-16,ACN,0,0,152.0,75.5999984741211,35.43844845186051,4648200,-589.7601623535156
2014-10-16,GOOGL,0,22.0,0,532.9700012207031,28.94950153510227,3805000,0
2014-10-16,MCD,9,0,116.0,89.81499862670898,33.56749648552406,7526400,-669.3200531005859
2014-10-16,AXP,0,133.0,0,80.13999938964844,27.15585842294017,9159300,0
2014-10-28,GD,9,0,101.0,135.17000579833984,74.88301753364094,2041100,1387.7405548095703
2014-10-28,IBM,0,77.0,0,162.70000457763672,23.59595912792541,7895300,0
2014-11-05,MSI,9,0,208.0,65.1349983215332,58.93178366737684,4288400,922.4794921875
2014-11-05,NEM,0,710.0,0,18.190000534057617,20.10041451636461,15489800,0
2014-11-07,WBA,9,0,207.0,66.56999969482422,73.02414649463952,4773800,1107.4496841430664
2014-11-07,QCOM,0,185.0,0,69.91499710083008,31.670408610449925,24945900,0
2014-11-14,MSFT,9,0,274.0,49.71999931335449,72.0768215112547,29081700,1560.4293937683105
2014-11-14,PXD,0,78.0,0,168.20999908447266,41.39547108770604,2139900,0
2014-11-17,CSCO,9,0,503.0,26.274999618530273,76.45136219027813,33224000,910.4297313690186
2014-11-17,UHS,0,132.0,0,99.43000030517578,46.07827806422143,1241400,0
2015-01-09,GOOGL,0,0,22.0,503.625,33.04428402529885,2100000,-645.5900268554688
2015-01-09,VRTS,0,88.0,0,146.48999786376953,26.059243065601493,54500,0
2015-01-15,AMZN,0,0,39.0,291.4100036621094,34.11876993253951,4419200,-685.8146667480469
2015-01-15,JPM,0,225.0,0,55.55500030517578,26.556410167856754,42458100,0
2015-01-21,NEM,9,0,710.0,23.9350004196167,72.46374246757705,16960600,4078.9499187469482
2015-01-21,A,0,353.0,0,38.045000076293945,36.78438233071373,2721600,0
2015-01-22,IBM,9,0,77.0,153.73999786376953,44.70126039763725,6120100,-689.9205169677734
2015-01-22,BAC,0,817.0,0,15.8100004196167,41.96211426853036,183042100,0
2015-01-26,PXD,9,0,78.0,153.11499786376953,58.688781493867644,1476400,-1177.4100952148438
2015-01-26,XLNX,0,336.0,0,38.814998626708984,27.272632050339013,4156400,0
2015-01-30,QCOM,0,0,185.0,63.20000076293945,19.61313498772904,26407800,-1242.2743225097656
2015-01-30,MSFT,0,308.0,0,40.96500015258789,27.810215390849095,78004900,0
2015-03-03,UHS,9,0,132.0,113.05500030517578,63.61896152006802,572200,1798.5
2015-03-03,WEC,0,272.0,0,50.02000045776367,39.6635331482297,2462500,0
2015-03-20,VRTS,9,0,88.0,135.51000213623047,48.581954801457464,75600,-966.2396240234375
2015-03-20,INTC,0,423.0,0,31.27500057220459,38.650067613680804,64777100,0
2015-03-30,GL,9,0,237.0,54.994998931884766,59.09022583379525,560000,700.334981918335
2015-03-30,UNP,0,120.0,0,109.57999801635742,34.431374441592965,5191000,0
2015-04-14,AXP,9,0,133.0,79.43000030517578,47.03218712329727,4213200,-94.42987823486328
2015-04-16,JPM,9,0,225.0,63.96499824523926,67.31751920052338,16640500,1892.2495365142822
2015-04-16,FIS,0,213.0,0,64.2249984741211,33.84148959354664,1749600,0
2015-04-16,NSC,0,122.0,0,100.22999954223633,31.611157420248446,2367700,0
2015-04-27,MSFT,9,0,308.0,47.67500114440918,80.30780967991991,59248200,2066.680305480957
2015-04-27,APH,0,494.0,0,28.0625,34.6884301340648,2404000,0
2015-05-13,WEC,0,0,272.0,47.244998931884766,32.05424208108052,1019300,-754.8004150390625
2015-05-13,FB,0,174.0,0,78.09000015258789,41.83799526621539,21512300,0
2015-05-19,XLNX,9,0,336.0,46.94000053405762,71.1781710850413,3241500,2730.0006408691406
2015-05-19,KSU,0,148.0,0,94.97000122070312,23.361901518742215,1613800,0
2015-06-05,UNP,9,0,120.0,102.17499923706055,41.04339799891065,5145300,-888.599853515625
2015-06-05,WEC,0,296.0,0,45.53999900817871,25.842058339176816,2268700,0
2015-06-11,BAC,9,0,817.0,17.5600004196167,68.27920870978132,77191500,1429.75
2015-06-11,VZ,0,287.0,0,47.70000076293945,33.8507339792435,10029700,0
2015-06-23,NSC,9,0,122.0,92.66999816894531,42.20350642167125,1546600,-922.3201675415039
2015-06-23,MU,0,506.0,0,24.619999885559082,32.35738091761719,16168900,0
2015-06-24,FB,9,0,174.0,88.3499984741211,75.42797160265113,41370200,1785.2397079467773
2015-06-24,ORCL,0,338.0,0,41.48500061035156,34.35860297549499,17768200,0
2015-07-08,INTC,0,0,423.0,29.40999984741211,29.36228966177427,45223800,-788.8953065872192
2015-07-08,MSFT,0,295.0,0,44.46500015258789,35.20125214526229,39785900,0
2015-07-16,A,9,0,353.0,40.279998779296875,53.67926489962497,1826300,788.9545421600342
2015-07-16,GM,0,439.0,0,30.755000114440918,24.78491752983267,35920700,0
2015-08-13,FIS,9,0,213.0,70.45499801635742,71.65769717888912,2395700,1326.989902496338
2015-08-13,DIS,0,128.0,0,107.63000106811523,31.876657085883764,9754500,0
2015-08-13,WEC,9,0,296.0,50.65500068664551,70.7670927577109,1921000,1514.0404968261719
2015-08-13,BMY,0,197.0,0,62.244998931884766,32.10669935102331,3686900,0
2015-08-24,APH,0,0,494.0,25.394999504089355,21.47880618829562,4417200,-1317.7452449798584
2015-08-24,AAPL,0,517.0,0,25.100000381469727,23.8649008463168,648825200,0
2015-08-25,KSU,0,0,148.0,89.28499984741211,28.280793410208602,2579900,-841.3802032470703
2015-08-25,AMZN,0,26.0,0,477.8450012207031,31.124565579745635,5679300,0
2015-08-25,VZ,0,0,287.0,44.6299991607666,22.42986992495989,27851500,-881.0904598236084
2015-08-25,FB,0,129.0,0,85.33499908447266,30.157423386599604,52021200,0
2015-08-28,MU,9,0,506.0,16.075000286102295,41.52637473952429,34099400,-4323.769797325134
2015-08-28,LIN,0,118.0,0,105.90999984741211,32.813141467612624,2824700,0
2015-08-31,ORCL,9,0,338.0,37.21999931335449,38.66972491719406,15352800,-1441.5704383850098
2015-08-31,INTU,0,154.0,0,85.20499801635742,28.87091783082893,3343900,0
2015-09-25,GM,9,0,439.0,29.53499984741211,42.616201859603315,13369400,-535.580117225647
2015-09-25,ABT,0,319.0,0,41.454999923706055,27.750837549584915,10025100,0
2015-10-23,DIS,9,0,128.0,113.02999877929688,74.78748570023754,7928400,691.19970703125
2015-10-23,WMT,0,241.0,0,58.75,25.908749122856406,13040600,0
2015-10-26,MSFT,9,0,295.0,53.40999984741211,84.18570012448899,64633300,2638.7749099731445
2015-10-26,HUM,0,87.0,0,169.23500061035156,37.0525541619724,1672100,0
2015-10-26,AMZN,9,0,26.0,603.0699768066406,72.11101984131818,4269700,3255.849365234375
2015-10-26,FB,9,0,129.0,102.68000030517578,73.62766740861028,25961200,2237.505157470703
2015-10-26,CMG,0,20.0,0,657.1549987792969,31.607986923684848,672000,0
2015-10-26,VFC,0,214.0,0,61.51129913330078,37.90003125706895,8088404,0
2015-11-05,INTU,9,0,154.0,98.45500183105469,63.586973554338066,1348900,2040.500587463379
2015-11-05,ENPH,0,6440.0,0,2.315000057220459,27.27919035546219,2498500,0
2015-12-17,ENPH,9,0,6440.0,3.4100000858306885,65.19613321402694,3035300,7051.800184249878
2015-12-17,JCI,0,485.0,0,33.27748680114746,22.56890777733213,3852470,0
2016-01-04,CMG,0,0,20.0,458.25,20.403448406761882,2690300,-3978.0999755859375
2016-01-04,NTAP,0,556.0,0,26.024999618530273,22.665965819879318,4495600,0
2016-01-05,VFC,9,0,214.0,57.5,39.023023278630205,2839045,-858.4180145263672
2016-01-05,GD,0,106.0,0,136.44000244140625,38.19828306377669,1525100,0
2016-01-07,LIN,0,0,118.0,98.83499908447266,25.536307125112756,2002700,-834.8500900268555
2016-01-07,AXP,0,225.0,0,63.665000915527344,25.37605265906444,11323900,0
2016-01-08,WMT,9,0,241.0,64.41000175476074,62.59259924142621,17767900,1364.0604228973389
2016-01-08,AMZN,0,24.0,0,615.0700073242188,32.20357779112062,5512900,0
2016-01-28,AAPL,9,0,517.0,23.363749504089355,35.229056857974285,222715200,-897.6417036056519
2016-01-28,MA,0,162.0,0,84.5,29.493884469251924,9169600,0
2016-01-29,ABT,9,0,319.0,37.27499961853027,33.77014457461681,16124300,-1333.4200973510742
2016-01-29,A,0,365.0,0,37.0,44.65125027211072,2959900,0
2016-01-29,HUM,9,0,87.0,160.78499603271484,39.5404744514766,1205900,-735.1503982543945
2016-01-29,V,0,172.0,0,71.63000106811523,51.809780804385895,40427800,0
2016-02-04,BMY,9,0,197.0,59.96999931335449,36.20556194490631,7987200,-448.17492485046387
2016-02-04,PFE,0,483.0,0,27.670777320861816,25.739840626695567,60009068,0
2016-03-08,NTAP,9,0,556.0,26.304999351501465,60.92700159823817,3069200,155.67985153198242
2016-03-08,NLOK,0,844.0,0,16.9950008392334,33.82388951907359,11165800,0
2016-03-18,AXP,9,0,225.0,60.739999771118164,70.18110211157473,8341300,-658.1252574920654
2016-03-18,AMZN,9,0,24.0,554.2100219726562,45.02410524652102,7296900,-1460.6396484375
2016-03-18,LLY,0,225.0,0,70.05500030517578,41.86514840337984,10131700,0
2016-04-07,PFE,9,0,483.0,31.11005687713623,70.87671710043062,64692412,1661.172025680542
2016-04-07,VRTS,0,219.0,0,67.59000015258789,25.00662014267664,160200,0
2016-04-14,V,9,0,172.0,79.98999786376953,72.18792213745903,11470300,1437.919448852539
2016-04-14,HRL,0,378.0,0,39.61000061035156,28.314860100100944,4452300,0
2016-04-19,MA,9,0,162.0,97.25500106811523,68.0689650856921,3635900,2066.310173034668
2016-04-19,STX,0,598.0,0,25.65000057220459,26.54049506343975,8957100,0
2016-04-22,JCI,9,0,485.0,40.95287895202637,73.50452763125591,3357398,3722.5651931762695
2016-04-22,WEC,0,281.0,0,56.38999938964844,38.27161705382124,1995500,0
2016-04-22,D,0,199.0,0,69.92499923706055,34.7868306304286,2552400,0
2016-04-28,GD,9,0,106.0,142.05999755859375,64.81341772038623,1783000,595.719482421875
2016-04-28,AAPL,0,646.0,0,24.016249656677246,22.76943312527024,328970800,0
2016-05-18,A,9,0,365.0,44.3650016784668,72.96802868855887,3476500,2688.225612640381
2016-05-18,ABT,0,410.0,0,37.795000076293945,30.877829561451833,10603000,0
2016-06-14,NLOK,9,0,844.0,18.484999656677246,77.01721447552251,21376600,1257.5590019226074
2016-06-14,CVS,0,163.0,0,96.06999969482422,38.302434172958556,4556200,0
2016-06-15,WEC,9,0,281.0,62.71500015258789,65.279183892677,1557100,1777.3252143859863
2016-06-15,HD,0,125.0,0,126.61999893188477,33.65330048906043,5140000,0
2016-06-21,HRL,9,0,378.0,34.829999923706055,43.31260960237677,3015600,-1806.840259552002
2016-06-21,GOOGL,0,22.0,0,710.0199890136719,36.75019236741417,1515900,0
2016-06-27,STX,9,0,598.0,21.920000076293945,36.13819712787165,6672700,-2230.5402965545654
2016-06-28,FB,0,123.0,0,111.6500015258789,43.557049084516535,26813800,0
2016-06-29,D,9,0,199.0,76.40999984741211,74.12252085006793,2847700,1290.515121459961
2016-06-29,ACN,0,124.0,0,111.45999908447266,36.194578896418456,3603000,0
2016-07-06,LLY,9,0,225.0,79.75,74.48293822391435,4669800,2181.374931335449
2016-07-06,DRI,0,257.0,0,62.05000114440918,33.16569654952728,2727500,0
2016-07-13,ABT,9,0,410.0,42.18499946594238,66.50871705252565,7920200,1799.8997497558594
2016-07-13,HUM,0,104.0,0,158.4000015258789,36.87847406924643,3056600,0
2016-07-29,AAPL,9,0,646.0,26.0287504196167,69.42567498161242,110934800,1300.0754928588867
2016-07-29,SYK,0,145.0,0,115.79500198364258,42.29984047359478,1453700,0
2016-07-29,GOOGL,9,0,22.0,796.9700012207031,79.09064678696024,5090500,1912.9002685546875
2016-07-29,FB,9,0,123.0,124.77499771118164,66.4062387846584,35058800,1614.3745307922363
2016-07-29,CLX,0,116.0,0,130.92499542236328,35.30168188715933,973200,0
2016-08-01,XOM,0,175.0,0,86.86999893188477,23.274102343064612,22908400,0
2016-08-03,VRTS,9,0,219.0,88.60499954223633,73.86216870616758,45300,4602.284866333008
2016-08-03,DIS,0,180.0,0,95.71500015258789,39.55294298391145,9068700,0
2016-09-15,CVS,0,0,163.0,89.15999984741211,31.016661464931744,7449200,-1126.3299751281738
2016-09-15,SYY,0,330.0,0,49.625,33.7885849716851,2954500,0
2016-09-30,ACN,9,0,124.0,122.40499877929688,74.16757040418804,4815800,1357.1799621582031
2016-09-30,NKE,0,317.0,0,52.670000076293945,33.688093372639756,12940200,0
2016-10-05,CLX,0,0,116.0,121.82500076293945,31.115402086875278,1396000,-1055.599380493164
2016-10-05,WEC,0,288.0,0,57.6200008392334,30.634428428962067,2929100,0
2016-10-14,DIS,9,0,180.0,91.52999877929688,36.932196135346466,4345700,-753.3002471923828
2016-10-14,ABBV,0,273.0,0,60.83500099182129,28.19219051449241,5606500,0
2016-10-28,SYK,9,0,145.0,114.27999877929688,50.32301335475788,3264800,-219.67546463012695
2016-10-28,A,0,381.0,0,43.489999771118164,30.490866957512267,1470500,0
2016-11-08,SYY,9,0,330.0,53.82500076293945,81.12727912440982,9650600,1386.0002517700195
2016-11-08,FB,0,137.0,0,123.07500076293945,41.547647553489,19460800,0
2016-11-10,DRI,9,0,257.0,69.25500106811523,75.77312826641725,2985600,1851.684980392456
2016-11-10,CVS,0,223.0,0,77.12999725341797,33.41384049584666,12664100,0
2016-11-11,HUM,9,0,104.0,194.2249984741211,74.93630278242581,3204300,3725.7996826171875
2016-11-11,AMZN,0,24.0,0,736.0800170898438,33.24236530970501,6622800,0
2016-12-07,HD,9,0,125.0,130.90499877929688,63.00597760906718,6987300,535.6249809265137
2016-12-07,MDT,0,241.0,0,71.67500305175781,29.982999971306796,7482100,0
2016-12-13,XOM,9,0,175.0,92.19499969482422,77.34508726598396,18829300,931.8751335144043
2016-12-13,SPGI,0,152.0,0,115.44000244140625,44.06531647379578,2242500,0
2017-01-12,A,9,0,381.0,48.44000053405762,63.514352090739834,3276900,1885.9502906799316
2017-01-12,LB,0,300.0,0,60.644948959350586,24.765255154555845,2292699,0
2017-01-17,FB,9,0,137.0,127.86999893188477,69.44695940127205,15294500,656.9147491455078
2017-01-17,VFC,0,370.0,0,49.1054630279541,38.48047199239908,4518810,0
2017-01-26,AMZN,9,0,24.0,838.4200134277344,73.8264976988387,3586300,2456.159912109375
2017-01-26,SYY,0,351.0,0,52.9950008392334,32.805645518731566,4063900,0
2017-01-26,SPGI,9,0,152.0,121.42499923706055,71.96585165157572,1495900,909.7195129394531
2017-01-26,VZ,0,340.0,0,48.989999771118164,28.223919542089376,37877100,0
2017-02-13,NKE,9,0,317.0,56.045000076293945,71.70073237010087,7679800,1069.875
2017-02-13,GILD,0,271.0,0,67.14500045776367,36.83541367695862,15885100,0
2017-02-21,MDT,9,0,241.0,80.3900032043457,78.73432687443905,7313100,2100.3150367736816
2017-02-21,ZTS,0,350.0,0,53.0,42.79430723033027,5931400,0
2017-03-09,ABBV,9,0,273.0,64.38500213623047,73.62417529646281,6957000,969.150312423706
2017-03-09,TGT,0,335.0,0,54.8799991607666,23.25051793814977,10878100,0
2017-03-22,LB,9,0,300.0,48.01499938964844,30.46316989002686,4995417,-3788.9848709106445
2017-03-22,GS,0,78.0,0,231.04000091552734,26.65638096026146,6291300,0
2017-03-30,VFC,9,0,370.0,51.600751876831055,53.95074453324397,6363079,923.2568740844727
2017-03-30,INTU,0,159.0,0,116.61000061035156,24.776842702975827,2093200,0
2017-04-04,WEC,9,0,288.0,60.64999961853027,57.06661610530998,1227400,872.6396484375
2017-04-04,MO,0,254.0,0,71.72999954223633,34.9650406750151,5218500,0
2017-04-26,CVS,9,0,223.0,81.75,70.76232284941221,5996900,1030.260612487793
2017-04-26,IBM,0,115.0,0,160.49500274658203,19.765238137223605,4327800,0
2017-04-27,ZTS,9,0,350.0,56.08500099182129,77.82126033929606,2986400,1079.7503471374512
2017-04-27,SLB,0,256.0,0,73.01499938964844,22.731842411659713,10844900,0
2017-05-01,VZ,0,0,340.0,46.01500129699707,27.87893987247911,14455200,-1011.4994812011719
2017-05-01,PSA,0,88.0,0,208.2699966430664,24.60968550014948,1152500,0
2017-05-05,SYY,9,0,351.0,55.02000045776367,75.89103034680281,4491600,710.774866104126
2017-05-05,VZ,0,404.0,0,46.364999771118164,40.73660192278013,17133000,0
2017-05-10,TGT,9,0,335.0,58.09000015258789,73.59287819746072,6954300,1075.3503322601318
2017-05-10,T,0,489.0,0,38.39000129699707,32.62799022434113,22608200,0
2017-05-25,INTU,9,0,159.0,137.1199951171875,82.22808214021441,3528800,3261.089126586914
2017-05-25,PFE,0,630.0,0,30.441176414489746,27.951319945434676,18227244,0
2017-05-26,MO,9,0,254.0,74.18500137329102,73.30005929497398,5681000,623.5704650878906
2017-05-26,ALXN,0,193.0,0,97.80995178222656,21.798073396663014,6660773,0
2017-06-01,GS,9,0,78.0,213.35999298095703,41.168974103948614,4057900,-1379.0406188964844
2017-06-01,JPM,0,226.0,0,82.3650016784668,36.738046958394854,17123500,0
2017-06-23,GILD,9,0,271.0,70.60499954223633,75.38360172637951,22911200,937.6597518920898
2017-06-23,SYY,0,386.0,0,50.76499938964844,20.218284051636815,11250300,0
2017-06-23,PFE,9,0,630.0,32.34819793701172,71.79710533823004,31668800,1201.4235591888428
2017-06-23,INTC,0,518.0,0,34.32499885559082,28.84514162358441,29260900,0
2017-06-30,JPM,9,0,226.0,91.58000183105469,72.88335953689796,16892700,2082.5900344848633
2017-06-30,COST,0,123.0,0,159.6649932861328,32.44105622096414,4755100,0
2017-07-05,SLB,9,0,256.0,66.29999923706055,38.813158372277854,8872900,-1719.0400390625
2017-07-05,WEC,0,318.0,0,60.845001220703125,30.98958301632952,1152100,0
2017-07-13,VZ,9,0,404.0,43.290000915527344,34.75671171224924,12140500,-1242.2995376586914
2017-07-13,CL,0,266.0,0,72.18999862670898,26.94483074576499,3913500,0
2017-07-18,T,0,0,489.0,36.14999961853027,28.24943279756961,29145900,-1095.3608207702637
2017-07-18,SO,0,411.0,0,47.01999855041504,27.02476635399853,4916700,0
2017-07-20,IBM,9,0,115.0,147.93000030517578,31.422364727775133,7212200,-1444.9752807617188
2017-07-20,CMG,0,48.0,0,364.8349914550781,13.803755762009317,4454800,0
2017-07-28,PSA,9,0,88.0,200.5800018310547,42.4942606602858,1490300,-676.7195434570312
2017-07-28,UNP,0,173.0,0,102.4000015258789,37.28646194135889,4471000,0
2017-07-31,ALXN,9,0,193.0,137.17000579833984,71.61027408088815,1709871,7596.490425109863
2017-07-31,SBUX,0,375.0,0,54.31500053405762,27.61047769374747,20299400,0
2017-08-02,INTC,9,0,518.0,36.364999771118164,72.95307974309678,35004300,1056.720474243164
2017-08-02,MDT,0,237.0,0,83.29500198364258,28.68685174933003,4909500,0
2017-08-09,WEC,9,0,318.0,64.63500213623047,66.53620265721833,1736700,1205.2202911376953
2017-08-09,DHR,0,249.0,0,80.3499984741211,32.27734729681539,2666500,0
2017-09-11,SO,9,0,411.0,50.29999923706055,72.96264859799031,5297700,1348.0802822113037
2017-09-11,DIS,0,205.0,0,97.48999786376953,27.69602246921052,9610300,0
2017-09-11,DHR,9,0,249.0,87.0099983215332,75.66679125358539,2630600,1658.3399620056152
2017-09-11,T,0,502.0,0,35.65999984741211,28.489872759155276,23048800,0
2017-09-15,UNP,9,0,173.0,112.25500106811523,76.56033056902226,8269900,1704.9149208068848
2017-09-15,MO,0,323.0,0,62.20000076293945,32.03764075066738,16567300,0
2017-09-26,CMG,9,0,48.0,322.4250030517578,51.83465049025776,807900,-2035.679443359375
2017-09-26,FB,0,122.0,0,164.13999938964844,38.199577786851314,23363300,0
2017-10-10,MDT,9,0,237.0,77.14500045776367,36.41680900094084,7244100,-1457.5503616333008
2017-10-10,CVS,0,274.0,0,74.3650016784668,30.79591606755953,10715900,0
2017-10-16,CL,9,0,266.0,75.70999908447266,69.43933943406054,2229600,936.3201217651367
2017-10-16,WBA,0,303.0,0,67.68999862670898,15.59029115619623,6415700,0
2017-11-02,FB,9,0,122.0,179.63999938964844,59.81335624899082,35529900,1891.0
2017-11-02,MRK,0,390.0,0,52.77194786071777,15.213223009855696,12909788,0
2017-11-03,SYY,9,0,386.0,56.53999900817871,76.33503884135939,4343600,2229.1498527526855
2017-11-03,PG,0,237.0,0,86.81000137329102,30.399804229769487,5106500,0
2017-11-09,SBUX,9,0,375.0,57.22500038146973,65.6110197201731,14778900,1091.249942779541
2017-11-09,VZ,0,462.0,0,45.1200008392334,22.8533407365844,21078700,0
2017-11-13,COST,9,0,123.0,171.8699951171875,71.38594382462068,4093300,1501.2152252197266
2017-11-13,PM,0,204.0,0,103.40999984741211,32.75641079158696,3864600,0
2017-11-13,DIS,9,0,205.0,104.56000137329102,72.40099891399696,7856000,1449.3507194519043
2017-11-13,BKNG,0,11.0,0,1702.8150024414062,33.83888957893794,506800,0
2017-11-30,VZ,9,0,462.0,50.540000915527344,75.13166779635102,33268500,2504.0400352478027
2017-11-30,ADSK,0,201.0,0,109.06000137329102,27.172439935450782,8481000,0
2017-12-04,MO,9,0,323.0,69.40999984741211,75.59762376602438,9630900,2328.829704284668
2017-12-04,GE,0,158.0,0,138.23077392578125,30.340060408513494,8885227,0
2017-12-05,T,9,0,502.0,36.90500068664551,61.95771658113468,33055400,624.990421295166
2017-12-05,NVDA,0,461.0,0,46.65999984741211,34.45452613799678,98148800,0
2018-01-09,NVDA,9,0,461.0,55.3075008392334,71.93843639835123,49700000,3986.4979572296143
2018-01-09,DUK,0,284.0,0,81.49499893188477,20.738712434292367,2781700,0
2018-01-11,BKNG,9,0,11.0,1889.3699951171875,72.74516420624622,385900,2052.1049194335938
2018-01-11,WEC,0,356.0,0,63.709999084472656,28.431265233375143,1429300,0
2018-01-17,MRK,9,0,390.0,59.389312744140625,81.52763405243095,22940615,2580.772304534912
2018-01-17,SO,0,517.0,0,44.920000076293945,24.106110463726935,10598400,0
2018-01-23,CVS,9,0,274.0,80.19999694824219,68.01608611273969,5780600,1598.788703918457
2018-01-23,D,0,304.0,0,75.4749984741211,33.77371994107588,5204200,0
2018-01-29,WBA,9,0,303.0,79.8849983215332,73.71840059413252,6249800,3695.0849075317383
2018-01-29,NWL,0,919.0,0,25.289999961853027,23.259958125456365,13188100,0
2018-02-06,PG,0,0,237.0,81.28499984741211,26.670999141188332,19955500,-1309.4253616333008
2018-02-06,AAPL,0,562.0,0,39.71500015258789,37.79740512562828,272975200,0
2018-02-12,GE,9,0,158.0,115.07692337036133,33.15405448163544,9825712,-3658.3083877563477
2018-02-12,GL,0,261.0,0,83.31499862670898,32.469562213008615,974400,0
2018-03-08,ADSK,9,0,201.0,135.81500244140625,78.20057099404053,5255200,5377.755214691162
2018-03-08,WMT,0,270.0,0,87.7349967956543,30.241957968878822,9588700,0
2018-03-19,DUK,9,0,284.0,77.29000091552734,51.60097792178399,5503500,-1194.2194366455078
2018-03-19,CVS,0,363.0,0,64.59499931335449,26.133644935205737,8883200,0
2018-03-26,PM,9,0,204.0,96.54500198364258,30.388380048533975,5239200,-1400.4595642089844
2018-03-26,MSFT,0,241.0,0,92.20000076293945,52.94725320350331,56396800,0
2018-04-02,D,0,0,304.0,67.36999893188477,31.006051587728564,6679600,-2463.9198608398438
2018-04-02,GIS,0,460.0,0,44.47999954223633,25.1394166625132,9616600,0
2018-05-10,AAPL,9,0,562.0,47.252498626708984,72.31223629197805,111957200,4236.074142456055
2018-05-10,T,0,734.0,0,31.764999389648438,30.70077481518122,29909400,0
2018-05-21,WEC,9,0,356.0,60.295000076293945,33.0988857631167,1582600,-1215.739646911621
2018-05-21,DUK,0,310.0,0,73.70499801635742,26.04714394759816,3301700,0
2018-05-24,WMT,9,0,270.0,82.38999938964844,39.819713706506555,8576200,-1443.149299621582
2018-05-24,STZ,0,107.0,0,215.93499755859375,36.908514436585726,1244500,0
2018-06-04,NWL,0,0,919.0,23.015000343322754,26.496146253278482,9311000,-2090.7246494293213
2018-06-04,BLL,0,620.0,0,36.814998626708984,30.621869245244767,2399100,0
2018-06-06,MSFT,9,0,241.0,102.25,71.96094341602057,21122900,2422.049816131592
2018-06-06,VRTX,0,159.0,0,145.51000213623047,31.79358144354869,3087500,0
2018-06-26,SO,9,0,517.0,46.15500068664551,63.86168855201778,5917300,638.4953155517578
2018-06-26,GD,0,126.0,0,188.91000366210938,29.63998236917371,1435100,0
2018-07-06,DUK,9,0,310.0,81.09499740600586,74.73591118381786,2963000,2290.8998107910156
2018-07-06,SBUX,0,485.0,0,48.885000228881836,27.103087269181927,10712000,0
2018-07-13,VRTX,9,0,159.0,179.75,73.30963245923424,1457300,5444.1596603393555
2018-07-13,AVGO,0,119.0,0,207.9499969482422,20.062754769993333,16167800,0
2018-08-03,BLL,9,0,620.0,41.0,79.83019738120208,3648600,2594.7008514404297
2018-08-03,BLK,0,51.0,0,480.2250061035156,34.70053255942747,824100,0
2018-08-07,GL,9,0,261.0,87.54000091552734,61.57216220236485,246900,1102.7255973815918
2018-08-07,WU,0,1278.0,0,19.210000038146973,32.42289305700393,7536200,0
2018-08-17,CVS,9,0,363.0,73.50499725341797,72.93773557250631,7145900,3234.329252243042
2018-08-17,NFLX,0,79.0,0,318.6649932861328,26.8282694988779,10407900,0
2018-08-20,STZ,9,0,107.0,201.44499969482422,36.99003473366489,2556900,-1550.4297714233398
2018-08-20,INTC,0,526.0,0,46.654998779296875,29.112269476522542,24334000,0
2018-09-10,SBUX,9,0,485.0,54.84000015258789,70.9442639814082,8621000,2888.1749629974365
2018-09-10,FB,0,156.0,0,163.58499908447266,31.572303651237505,20197700,0
2018-09-11,AVGO,9,0,119.0,235.04999542236328,61.45553858389179,6075500,3224.89981842041
2018-09-11,AMAT,0,663.0,0,38.98499870300293,20.340508476159016,14716700,0
2018-09-19,GD,9,0,126.0,204.90499877929688,70.48634154349394,1363900,2015.369384765625
2018-09-19,WFC,0,468.0,0,54.864999771118164,34.28884185975981,17046200,0
2018-09-25,GIS,9,0,460.0,43.94499969482422,35.96708738807513,3735500,-246.0999298095703
2018-09-25,WMB,0,924.0,0,27.385000228881836,25.49842568144227,13543300,0
2018-10-11,BLK,0,0,51.0,421.61500549316406,18.821458878010517,1737100,-2989.1100311279297
2018-10-11,MSFT,0,228.0,0,106.56499862670898,32.413775831606074,63904300,0
2018-10-12,WU,9,0,1278.0,17.809999465942383,36.838975701297954,5121200,-1789.2007312774658
2018-10-12,AMZN,0,13.0,0,1775.739990234375,36.55145790840092,9444600,0
2018-10-25,INTC,9,0,526.0,44.10999870300293,44.478300825830715,48255300,-1338.6700401306152
2018-10-25,GOOGL,0,21.0,0,1096.6849975585938,42.841244900916536,3647800,0
2018-10-29,T,0,0,734.0,29.80500030517578,29.950335633316868,49270000,-1438.6393280029297
2018-10-29,JPM,0,195.0,0,105.16499710083008,36.53188177566435,18445200,0
2018-10-30,NFLX,9,0,79.0,280.864990234375,32.84031109375999,23685700,-2986.200241088867
2018-10-30,GD,0,132.0,0,169.52999877929688,25.585880290376622,2405800,0
2018-11-14,FB,9,0,156.0,143.56500244140625,40.18976614589679,22068400,-3123.1194763183594
2018-11-14,QCOM,0,423.0,0,54.279998779296875,18.521493202711554,14071900,0
2018-11-15,AMAT,9,0,663.0,34.3700008392334,51.873347890461844,15175700,-3059.743583679199
2018-11-15,AAPL,0,483.0,0,47.35874938964844,35.4683563377063,185915200,0
2018-11-26,WFC,9,0,468.0,52.755001068115234,50.01935863804005,20581700,-987.4793930053711
2018-11-26,FB,0,168.0,0,134.88999938964844,39.21189249438752,24263600,0
2018-11-30,WMB,9,0,924.0,25.44499969482422,49.10226792084084,10366000,-1792.5604934692383
2018-11-30,SLB,0,521.0,0,45.114999771118164,22.994499500984034,16183600,0
2018-12-20,AMZN,9,0,13.0,1471.094970703125,35.70600413991468,9991800,-3960.38525390625
2018-12-20,GL,0,291.0,0,73.88000106811523,21.22915842317181,716600,0
2018-12-24,MSFT,0,0,228.0,95.97500228881836,29.415650563309356,43935200,-2414.5191650390625
2018-12-24,AMZN,0,15.0,0,1351.5150146484375,29.222787450427404,7220000,0
2019-01-09,GD,9,0,132.0,160.33499908447266,46.605768887416204,1483800,-1213.7399597167969
2019-01-09,CAG,0,1034.0,0,21.354999542236328,22.057806682434105,10174700,0
2019-01-25,QCOM,9,0,423.0,51.154998779296875,31.20215951058543,19516200,-1321.875
2019-01-25,MO,0,506.0,0,44.099998474121094,30.711326872781,14265700,0
2019-01-28,AAPL,9,0,483.0,38.74875068664551,48.08194752384423,104768400,-4158.629373550415
2019-02-01,FB,9,0,168.0,167.3800048828125,70.46428621584066,30806500,5458.3209228515625
2019-02-01,MKC,0,388.0,0,61.60000038146973,28.08442751813169,2822400,0
2019-02-12,L,0,459.0,0,45.51499938964844,42.667935468008984,2426800,0
2019-03-07,MO,9,0,506.0,54.375,75.42212767277645,20093400,5199.150772094727
2019-03-07,UNH,0,103.0,0,238.36499786376953,32.01629876543268,5033500,0
2019-03-11,SLB,9,0,521.0,41.8799991607666,40.77830523031199,9494500,-1685.435317993164
2019-03-11,CVS,0,444.0,0,53.10000038146973,26.370038934377334,14770200,0
2019-03-13,GOOGL,9,0,21.0,1202.5150146484375,70.56811141512236,1294400,2222.4303588867188
2019-03-13,BA,0,66.0,0,372.54998779296875,32.44398653394377,32662300,0
2019-03-21,AMZN,9,0,15.0,1805.5150146484375,73.76599265098727,5767800,6810.0
2019-03-21,CME,0,153.0,0,164.27999877929688,26.480180576544186,1839500,0
2019-03-22,CAG,9,0,1034.0,26.380000114440918,77.73542083464149,16791900,5195.850591659546
2019-03-22,BIIB,0,114.0,0,221.64500427246094,16.56101402745017,8490900,0
2019-03-22,MKC,9,0,388.0,71.53750228881836,66.5059202131416,2691200,3855.7507400512695
2019-03-22,VIAC,0,502.0,0,45.57500076293945,24.50502241721216,2970100,0
2019-03-26,JPM,9,0,195.0,99.61000061035156,36.15211936316342,15987100,-1083.2243156433105
2019-03-26,DIS,0,223.0,0,109.30499649047852,42.894007269391196,16693100,0
2019-04-15,DIS,9,0,223.0,131.2449951171875,86.03063699354534,32773700,4892.6196937561035
2019-04-15,MDT,0,305.0,0,86.97999954223633,32.929278333486465,5815900,0
2019-04-17,VIAC,9,0,502.0,52.59000015258789,71.5723867638516,2403900,3521.5296936035156
2019-04-17,MRK,0,365.0,0,72.21851348876953,17.017968749430167,34181463,0
2019-04-30,L,9,0,459.0,50.89000129699707,74.81282117263007,1976000,2467.1258754730225
2019-04-30,INTC,0,515.0,0,51.14999961853027,30.48436971367758,27130900,0
2019-05-21,BA,9,0,66.0,357.8249969482422,45.85958622313039,4022600,-971.8493957519531
2019-05-21,A,0,376.0,0,69.34500122070312,30.6977204048963,3928200,0
2019-05-22,CME,9,0,153.0,186.08499908447266,67.98655514557093,773700,3336.1650466918945
2019-05-22,NVDA,0,699.0,0,38.28874969482422,29.262998175900066,32586800,0
2019-05-28,MDT,9,0,305.0,92.375,60.865416024827766,8852200,1645.47513961792
2019-05-28,XOM,0,364.0,0,73.36999893188477,23.837880031215462,14912900,0
2019-06-13,MRK,9,0,365.0,79.53721237182617,63.769705112480985,10194001,2671.325092315674
2019-06-13,PVH,0,304.0,0,88.9000015258789,32.30025961726062,741400,0
2019-07-17,UNH,9,0,103.0,266.0950012207031,71.9621995302022,3995200,2856.19034576416
2019-07-17,JNJ,0,212.0,0,132.49500274658203,30.579419297051572,8862100,0
2019-07-24,INTC,9,0,515.0,52.385000228881836,75.5960441806355,20896400,636.0253143310547
2019-07-24,NFLX,0,89.0,0,313.6199951171875,30.90172950675347,11961800,0
2019-07-24,NVDA,9,0,699.0,44.15374946594238,72.7448090516169,36623600,4099.634840011597
2019-07-24,EXC,0,556.0,0,45.704999923706055,26.33015898808668,10354600,0
2019-08-06,GL,9,0,291.0,85.5,36.072314809668,535300,3381.419689178467
2019-08-06,AMZN,0,15.0,0,1773.5850219726562,29.377477134631874,5070300,0
2019-08-15,XOM,0,0,364.0,67.04499816894531,27.834066668405356,12874400,-2302.300277709961
2019-08-15,PFE,0,821.0,0,32.51897621154785,17.556480996126496,30713665,0
2019-08-20,PVH,9,0,304.0,71.3949966430664,31.921449814936807,871800,-5321.521484375
2019-08-20,PRU,0,333.0,0,81.18999862670898,25.139579235155196,2003800,0
2019-08-23,CVS,9,0,444.0,61.07499885559082,58.74196846592761,9353100,3540.8993225097656
2019-08-23,UNH,0,118.0,0,232.24000549316406,30.970815957181827,4826600,0
2019-09-12,A,9,0,376.0,77.39999771118164,71.980835375034,4009800,3028.678680419922
2019-09-12,BLL,0,384.0,0,73.5,39.649776694523695,3284700,0
2019-09-12,EXC,9,0,556.0,48.47999954223633,59.2816260071215,7599700,1542.899787902832
2019-09-12,RSG,0,294.0,0,85.91500091552734,38.09783249811215,1260600,0
2019-09-30,BIIB,9,0,114.0,232.33499908447266,50.41194598056789,1182400,1218.659408569336
2019-09-30,ANTM,0,115.0,0,239.1999969482422,33.474032658969705,1424200,0
2019-09-30,NFLX,9,0,89.0,265.8300018310547,37.19783432309204,6727200,-4253.30940246582
2019-09-30,MO,0,611.0,0,40.64500045776367,35.88478291858547,9891900,0
2019-10-23,UNH,9,0,118.0,249.23999786376953,68.23112608759439,3706600,2005.9990997314453
2019-10-23,SBUX,0,346.0,0,83.27000045776367,27.712731712580194,7136200,0
2019-10-23,MO,9,0,611.0,46.43499946594238,74.19471062069377,9323100,3537.6893939971924
2019-10-23,BA,0,76.0,0,343.6499938964844,33.744363374798155,10960800,0
2019-10-30,PFE,9,0,821.0,36.58444023132324,71.93085617180597,22019430,3337.7459602355957
2019-10-30,MCD,0,151.0,0,194.33999633789062,36.796921945451,6332600,0
2019-10-31,ANTM,9,0,115.0,270.9300079345703,64.27578691718881,1877400,3648.9512634277344
2019-10-31,BAX,0,385.0,0,76.72999954223633,27.62823199529268,4535700,0
2019-11-18,BLL,9,0,384.0,66.51000213623047,46.374880395038836,3636700,-2684.1591796875
2019-11-18,BKNG,0,16.0,0,1839.9249877929688,30.013013440241465,362000,0
2019-12-09,JNJ,9,0,212.0,140.43499755859375,72.12713872470704,4241000,1683.2789001464844
2019-12-09,PEG,0,514.0,0,58.02000045776367,27.654475628877208,1839200,0
2019-12-26,BKNG,9,0,16.0,2058.2300415039062,72.62783694347942,182600,3492.880859375
2019-12-26,KMX,0,344.0,0,88.6400032043457,28.146690330810486,1706800,0
2019-12-30,AMZN,9,0,15.0,1862.3099975585938,64.51947656799587,3674700,1330.8746337890625
2019-12-30,DRI,0,279.0,0,108.24499893188477,35.28399473686797,1478600,0
